{"Up":{"0":-2.0063658378,"1":-1.9840181249,"2":-1.5096416349,"3":0.0,"4":0.0,"5":-0.9969860419,"6":0.0,"7":568.5147564614,"8":19608.0099299081,"9":111111109.9988282174,"10":-0.8129129026,"11":-560.8790247779,"12":1912.8958305895,"13":0.0,"14":255691.5574170835},"Down":{"0":-1.0077164645,"1":-190.0101929269,"2":1218.2356111069,"3":0.0,"4":0.0,"5":0.3056874756,"6":0.0,"7":187.0958441606,"8":14087.3127270275,"9":4529218.6255529718,"10":-0.772847571,"11":10.5811762182,"12":149.812966741,"13":0.0,"14":0.0},"Right":{"0":-1.0149344625,"1":-0.9719603576,"2":-409.5441470668,"3":0.0,"4":0.0,"5":-343.9084974617,"6":0.0,"7":26030.136602634,"8":416018.909271306,"9":6924543.9405393945,"10":11.7862992523,"11":163.0284216341,"12":-457.81787675,"13":0.0,"14":11109.8268970474},"Left":{"0":-2.0045669902,"1":-0.9954373694,"2":-0.9965275413,"3":0.0,"4":0.0,"5":-1.9980364693,"6":0.0,"7":333.9136272199,"8":2461.4593996909,"9":4812587.6316724885,"10":-1.8859791753,"11":1.4908288371,"12":35.173986879,"13":0.0,"14":1012.0735759255}}