{"Up":{"0":-2.0054667535,"1":-2.0063273818,"2":-1.3020882568,"3":0.0,"4":0.0,"5":-1.0064912569,"6":0.0,"7":-0.997630101,"8":-100.0,"9":19099999.8090000004,"10":-1.0157942649,"11":-100.0,"12":-1.0061388145,"13":0.0,"14":0.0},"Down":{"0":-1.0076116793,"1":-189.9785902129,"2":98.9826692679,"3":0.0,"4":0.0,"5":-1.0091638694,"6":0.0,"7":-1.0060594344,"8":-100.0,"9":0.0,"10":-2.0060363938,"11":-1.9136121828,"12":-1.9195471864,"13":0.0,"14":0.0},"Right":{"0":-1.00178486,"1":9.0454404917,"2":-190.0,"3":0.0,"4":0.0,"5":-100.0,"6":0.0,"7":998.9838091426,"8":9999.52602641,"9":0.0,"10":-1.0086469678,"11":-1.0061462017,"12":-190.0,"13":0.0,"14":0.0},"Left":{"0":-1.8696960273,"1":-0.9916281968,"2":-0.0183987904,"3":0.0,"4":0.0,"5":-1.9924024962,"6":0.0,"7":-99.9710098406,"8":-0.999851498,"9":0.0,"10":-2.0054939909,"11":-1.0063575264,"12":-1.0063122733,"13":0.0,"14":0.0}}