{"Up":{"0":-1.8972714157,"1":-1.7821949096,"2":-1.3026431198,"3":0.0,"4":0.0,"5":-1.0002721352,"6":0.0,"7":1.6353199125,"8":0.0,"9":109516626.0916573107,"10":-0.8788286956,"11":-100.0,"12":5.5290544677,"13":-100.0,"14":426109.2201394217},"Down":{"0":-1.0041530135,"1":-189.9409860129,"2":12.8718986117,"3":0.0,"4":0.0,"5":2.4040232461,"6":0.0,"7":160.8325733965,"8":0.0,"9":1895203.1798431806,"10":-2.0046891023,"11":-1.9954031149,"12":49.1904258196,"13":402.9064332759,"14":7214.7240926979},"Right":{"0":-0.9006174627,"1":6.3676424052,"2":-100.0,"3":0.0,"4":0.0,"5":-100.0,"6":0.0,"7":0.0,"8":0.0,"9":0.0,"10":11.0251283162,"11":127.0643349858,"12":1883.341627559,"13":25679.5626637801,"14":25245.3055335441},"Left":{"0":-2.0013056224,"1":-0.8770111009,"2":-0.8408359669,"3":0.0,"4":0.0,"5":-1.9903384479,"6":0.0,"7":-187.8109444735,"8":0.0,"9":0.0,"10":-2.0032546449,"11":0.0,"12":13.7955387726,"13":375.3411690364,"14":5868.6929963411}}