{"Up":{"(0, 0)":-2.0000261227,"(1, 0)":-1.9989894749,"(2, 0)":-2.0,"(3, 0)":0.0,"(4, 0)":0.0,"(0, 1)":-1.0000231713,"(1, 1)":0.0,"(2, 1)":-1.0228713215,"(3, 1)":0.0,"(4, 1)":0.0,"(0, 2)":-1.0000211107,"(1, 2)":-1000.0000614761,"(2, 2)":-1.0197164992,"(3, 2)":-1000.0008356715,"(4, 2)":0.0},"Down":{"(0, 0)":-1.0012867047,"(1, 0)":-1000.0,"(2, 0)":-1.0256194798,"(3, 0)":0.0,"(4, 0)":0.0,"(0, 1)":-1.0000026386,"(1, 1)":0.0,"(2, 1)":-1.016715118,"(3, 1)":0.0,"(4, 1)":0.0,"(0, 2)":-2.0000009988,"(1, 2)":-2.000007673,"(2, 2)":-2.0029205247,"(3, 2)":0.0,"(4, 2)":0.0},"Right":{"(0, 0)":-0.998476112,"(1, 0)":4.9995936844,"(2, 0)":-1000.0004479825,"(3, 0)":0.0,"(4, 0)":0.0,"(0, 1)":-1000.0,"(1, 1)":0.0,"(2, 1)":-1000.0000943609,"(3, 1)":0.0,"(4, 1)":0.0,"(0, 2)":0.0,"(1, 2)":0.0,"(2, 2)":-1.0001141588,"(3, 2)":0.0,"(4, 2)":0.0},"Left":{"(0, 0)":-2.0,"(1, 0)":-1.0000018411,"(2, 0)":-0.9989360067,"(3, 0)":0.0,"(4, 0)":0.0,"(0, 1)":-2.0447057518,"(1, 1)":0.0,"(2, 1)":-1000.0000081882,"(3, 1)":0.0,"(4, 1)":0.0,"(0, 2)":-2.0000004776,"(1, 2)":0.0,"(2, 2)":-1.0000009578,"(3, 2)":-1.0000536552,"(4, 2)":0.0}}