{"Up":{"0":-0.6922296673,"1":10.3883077094,"2":89.3905714554,"3":0.0,"4":0.0,"5":5.1774308487,"6":0.0,"7":840.9503847769,"8":22695.6500365047,"9":111111109.7695733905,"10":-0.9875606083,"11":-562.1014297503,"12":1916.6316810679,"13":0.0,"14":372734.8162997786},"Down":{"0":-0.9190766338,"1":-188.4852818462,"2":1040.3635629699,"3":0.0,"4":0.0,"5":-0.9437786892,"6":0.0,"7":830.527425272,"8":13874.1844477297,"9":5411369.9891463621,"10":-0.6069041699,"11":10.8881997336,"12":160.1618270532,"13":0.0,"14":0.0},"Right":{"0":11.3385130678,"1":131.9726593016,"2":-177.1835989368,"3":0.0,"4":0.0,"5":-189.9421065267,"6":0.0,"7":26145.5466163281,"8":436219.285653168,"9":4545996.3852611827,"10":13.107128325,"11":163.5108196848,"12":-368.8763924758,"13":0.0,"14":0.0},"Left":{"0":-1.0810212557,"1":-0.0610262471,"2":-0.0044257337,"3":0.0,"4":0.0,"5":-1.9179057618,"6":0.0,"7":752.9209599991,"8":14658.1438614405,"9":3517429.1280951877,"10":-0.6031467833,"11":1.7443721915,"12":39.9561114032,"13":0.0,"14":3627.3481629978}}